,Id,Pred
0,2017_1112_1116,0.731676883345
1,2017_1112_1124,0.541700702578
2,2017_1112_1137,0.862842585398
3,2017_1112_1139,0.582825289472
4,2017_1112_1153,0.661226505213
5,2017_1112_1166,0.661226505213
6,2017_1112_1173,0.697612800008
7,2017_1112_1181,0.5
8,2017_1112_1190,0.862842585398
9,2017_1112_1195,0.881456343539
10,2017_1112_1196,0.582825289472
11,2017_1112_1199,0.541700702578
12,2017_1112_1211,0.458299297422
13,2017_1112_1233,0.881456343539
14,2017_1112_1235,0.622829048431
15,2017_1112_1240,0.897843089924
16,2017_1112_1242,0.458299297422
17,2017_1112_1243,0.81827748623
18,2017_1112_1245,0.881456343539
19,2017_1112_1246,0.5
20,2017_1112_1257,0.5
21,2017_1112_1266,0.792083366669
22,2017_1112_1268,0.661226505213
23,2017_1112_1274,0.731676883345
24,2017_1112_1276,0.697612800008
25,2017_1112_1277,0.763206153817
26,2017_1112_1278,0.622829048431
27,2017_1112_1291,0.912190290254
28,2017_1112_1292,0.841830548826
29,2017_1112_1297,0.897843089924
30,2017_1112_1300,0.912190290254
31,2017_1112_1305,0.841830548826
32,2017_1112_1308,0.881456343539
33,2017_1112_1309,0.912190290254
34,2017_1112_1314,0.458299297422
35,2017_1112_1315,0.897843089924
36,2017_1112_1321,0.731676883345
37,2017_1112_1323,0.622829048431
38,2017_1112_1329,0.792083366669
39,2017_1112_1332,0.541700702578
40,2017_1112_1343,0.841830548826
41,2017_1112_1344,0.81827748623
42,2017_1112_1345,0.582825289472
43,2017_1112_1348,0.81827748623
44,2017_1112_1355,0.912190290254
45,2017_1112_1371,0.763206153817
46,2017_1112_1374,0.661226505213
47,2017_1112_1376,0.697612800008
48,2017_1112_1388,0.697612800008
49,2017_1112_1407,0.897843089924
50,2017_1112_1411,0.912190290254
51,2017_1112_1413,0.912190290254
52,2017_1112_1417,0.541700702578
53,2017_1112_1423,0.841830548826
54,2017_1112_1425,0.81827748623
55,2017_1112_1433,0.792083366669
56,2017_1112_1435,0.763206153817
57,2017_1112_1436,0.862842585398
58,2017_1112_1437,0.458299297422
59,2017_1112_1438,0.622829048431
60,2017_1112_1439,0.763206153817
61,2017_1112_1448,0.81827748623
62,2017_1112_1452,0.582825289472
63,2017_1112_1455,0.792083366669
64,2017_1112_1457,0.862842585398
65,2017_1112_1458,0.731676883345
66,2017_1112_1462,0.81827748623
67,2017_1116_1124,0.302387199992
68,2017_1116_1137,0.697612800008
69,2017_1116_1139,0.338773494787
70,2017_1116_1153,0.417174710528
71,2017_1116_1166,0.417174710528
72,2017_1116_1173,0.458299297422
73,2017_1116_1181,0.268323116655
74,2017_1116_1190,0.697612800008
75,2017_1116_1195,0.731676883345
76,2017_1116_1196,0.338773494787
77,2017_1116_1199,0.302387199992
78,2017_1116_1211,0.236793846183
79,2017_1116_1233,0.731676883345
80,2017_1116_1235,0.377170951569
81,2017_1116_1240,0.763206153817
82,2017_1116_1242,0.236793846183
83,2017_1116_1243,0.622829048431
84,2017_1116_1245,0.731676883345
85,2017_1116_1246,0.268323116655
86,2017_1116_1257,0.268323116655
87,2017_1116_1266,0.582825289472
88,2017_1116_1268,0.417174710528
89,2017_1116_1274,0.5
90,2017_1116_1276,0.458299297422
91,2017_1116_1277,0.541700702578
92,2017_1116_1278,0.377170951569
93,2017_1116_1291,0.792083366669
94,2017_1116_1292,0.661226505213
95,2017_1116_1297,0.763206153817
96,2017_1116_1300,0.792083366669
97,2017_1116_1305,0.661226505213
98,2017_1116_1308,0.731676883345
99,2017_1116_1309,0.792083366669
100,2017_1116_1314,0.236793846183
101,2017_1116_1315,0.763206153817
102,2017_1116_1321,0.5
103,2017_1116_1323,0.377170951569
104,2017_1116_1329,0.582825289472
105,2017_1116_1332,0.302387199992
106,2017_1116_1343,0.661226505213
107,2017_1116_1344,0.622829048431
108,2017_1116_1345,0.338773494787
109,2017_1116_1348,0.622829048431
110,2017_1116_1355,0.792083366669
111,2017_1116_1371,0.541700702578
112,2017_1116_1374,0.417174710528
113,2017_1116_1376,0.458299297422
114,2017_1116_1388,0.458299297422
115,2017_1116_1407,0.763206153817
116,2017_1116_1411,0.792083366669
117,2017_1116_1413,0.792083366669
118,2017_1116_1417,0.302387199992
119,2017_1116_1423,0.661226505213
120,2017_1116_1425,0.622829048431
121,2017_1116_1433,0.582825289472
122,2017_1116_1435,0.541700702578
123,2017_1116_1436,0.697612800008
124,2017_1116_1437,0.236793846183
125,2017_1116_1438,0.377170951569
126,2017_1116_1439,0.541700702578
127,2017_1116_1448,0.622829048431
128,2017_1116_1452,0.338773494787
129,2017_1116_1455,0.582825289472
130,2017_1116_1457,0.697612800008
131,2017_1116_1458,0.5
132,2017_1116_1462,0.622829048431
133,2017_1124_1137,0.841830548826
134,2017_1124_1139,0.541700702578
135,2017_1124_1153,0.622829048431
136,2017_1124_1166,0.622829048431
137,2017_1124_1173,0.661226505213
138,2017_1124_1181,0.458299297422
139,2017_1124_1190,0.841830548826
140,2017_1124_1195,0.862842585398
141,2017_1124_1196,0.541700702578
142,2017_1124_1199,0.5
143,2017_1124_1211,0.417174710528
144,2017_1124_1233,0.862842585398
145,2017_1124_1235,0.582825289472
146,2017_1124_1240,0.881456343539
147,2017_1124_1242,0.417174710528
148,2017_1124_1243,0.792083366669
149,2017_1124_1245,0.862842585398
150,2017_1124_1246,0.458299297422
151,2017_1124_1257,0.458299297422
152,2017_1124_1266,0.763206153817
153,2017_1124_1268,0.622829048431
154,2017_1124_1274,0.697612800008
155,2017_1124_1276,0.661226505213
156,2017_1124_1277,0.731676883345
157,2017_1124_1278,0.582825289472
158,2017_1124_1291,0.897843089924
159,2017_1124_1292,0.81827748623
160,2017_1124_1297,0.881456343539
161,2017_1124_1300,0.897843089924
162,2017_1124_1305,0.81827748623
163,2017_1124_1308,0.862842585398
164,2017_1124_1309,0.897843089924
165,2017_1124_1314,0.417174710528
166,2017_1124_1315,0.881456343539
167,2017_1124_1321,0.697612800008
168,2017_1124_1323,0.582825289472
169,2017_1124_1329,0.763206153817
170,2017_1124_1332,0.5
171,2017_1124_1343,0.81827748623
172,2017_1124_1344,0.792083366669
173,2017_1124_1345,0.541700702578
174,2017_1124_1348,0.792083366669
175,2017_1124_1355,0.897843089924
176,2017_1124_1371,0.731676883345
177,2017_1124_1374,0.622829048431
178,2017_1124_1376,0.661226505213
179,2017_1124_1388,0.661226505213
180,2017_1124_1407,0.881456343539
181,2017_1124_1411,0.897843089924
182,2017_1124_1413,0.897843089924
183,2017_1124_1417,0.5
184,2017_1124_1423,0.81827748623
185,2017_1124_1425,0.792083366669
186,2017_1124_1433,0.763206153817
187,2017_1124_1435,0.731676883345
188,2017_1124_1436,0.841830548826
189,2017_1124_1437,0.417174710528
190,2017_1124_1438,0.582825289472
191,2017_1124_1439,0.731676883345
192,2017_1124_1448,0.792083366669
193,2017_1124_1452,0.541700702578
194,2017_1124_1455,0.763206153817
195,2017_1124_1457,0.841830548826
196,2017_1124_1458,0.697612800008
197,2017_1124_1462,0.792083366669
198,2017_1137_1139,0.18172251377
199,2017_1137_1153,0.236793846183
200,2017_1137_1166,0.236793846183
201,2017_1137_1173,0.268323116655
202,2017_1137_1181,0.137157414602
203,2017_1137_1190,0.5
204,2017_1137_1195,0.541700702578
205,2017_1137_1196,0.18172251377
206,2017_1137_1199,0.158169451174
207,2017_1137_1211,0.118543656461
208,2017_1137_1233,0.541700702578
209,2017_1137_1235,0.207916633331
210,2017_1137_1240,0.582825289472
211,2017_1137_1242,0.118543656461
212,2017_1137_1243,0.417174710528
213,2017_1137_1245,0.541700702578
214,2017_1137_1246,0.137157414602
215,2017_1137_1257,0.137157414602
216,2017_1137_1266,0.377170951569
217,2017_1137_1268,0.236793846183
218,2017_1137_1274,0.302387199992
219,2017_1137_1276,0.268323116655
220,2017_1137_1277,0.338773494787
221,2017_1137_1278,0.207916633331
222,2017_1137_1291,0.622829048431
223,2017_1137_1292,0.458299297422
224,2017_1137_1297,0.582825289472
225,2017_1137_1300,0.622829048431
226,2017_1137_1305,0.458299297422
227,2017_1137_1308,0.541700702578
228,2017_1137_1309,0.622829048431
229,2017_1137_1314,0.118543656461
230,2017_1137_1315,0.582825289472
231,2017_1137_1321,0.302387199992
232,2017_1137_1323,0.207916633331
233,2017_1137_1329,0.377170951569
234,2017_1137_1332,0.158169451174
235,2017_1137_1343,0.458299297422
236,2017_1137_1344,0.417174710528
237,2017_1137_1345,0.18172251377
238,2017_1137_1348,0.417174710528
239,2017_1137_1355,0.622829048431
240,2017_1137_1371,0.338773494787
241,2017_1137_1374,0.236793846183
242,2017_1137_1376,0.268323116655
243,2017_1137_1388,0.268323116655
244,2017_1137_1407,0.582825289472
245,2017_1137_1411,0.622829048431
246,2017_1137_1413,0.622829048431
247,2017_1137_1417,0.158169451174
248,2017_1137_1423,0.458299297422
249,2017_1137_1425,0.417174710528
250,2017_1137_1433,0.377170951569
251,2017_1137_1435,0.338773494787
252,2017_1137_1436,0.5
253,2017_1137_1437,0.118543656461
254,2017_1137_1438,0.207916633331
255,2017_1137_1439,0.338773494787
256,2017_1137_1448,0.417174710528
257,2017_1137_1452,0.18172251377
258,2017_1137_1455,0.377170951569
259,2017_1137_1457,0.5
260,2017_1137_1458,0.302387199992
261,2017_1137_1462,0.417174710528
262,2017_1139_1153,0.582825289472
263,2017_1139_1166,0.582825289472
264,2017_1139_1173,0.622829048431
265,2017_1139_1181,0.417174710528
266,2017_1139_1190,0.81827748623
267,2017_1139_1195,0.841830548826
268,2017_1139_1196,0.5
269,2017_1139_1199,0.458299297422
270,2017_1139_1211,0.377170951569
271,2017_1139_1233,0.841830548826
272,2017_1139_1235,0.541700702578
273,2017_1139_1240,0.862842585398
274,2017_1139_1242,0.377170951569
275,2017_1139_1243,0.763206153817
276,2017_1139_1245,0.841830548826
277,2017_1139_1246,0.417174710528
278,2017_1139_1257,0.417174710528
279,2017_1139_1266,0.731676883345
280,2017_1139_1268,0.582825289472
281,2017_1139_1274,0.661226505213
282,2017_1139_1276,0.622829048431
283,2017_1139_1277,0.697612800008
284,2017_1139_1278,0.541700702578
285,2017_1139_1291,0.881456343539
286,2017_1139_1292,0.792083366669
287,2017_1139_1297,0.862842585398
288,2017_1139_1300,0.881456343539
289,2017_1139_1305,0.792083366669
290,2017_1139_1308,0.841830548826
291,2017_1139_1309,0.881456343539
292,2017_1139_1314,0.377170951569
293,2017_1139_1315,0.862842585398
294,2017_1139_1321,0.661226505213
295,2017_1139_1323,0.541700702578
296,2017_1139_1329,0.731676883345
297,2017_1139_1332,0.458299297422
298,2017_1139_1343,0.792083366669
299,2017_1139_1344,0.763206153817
300,2017_1139_1345,0.5
301,2017_1139_1348,0.763206153817
302,2017_1139_1355,0.881456343539
303,2017_1139_1371,0.697612800008
304,2017_1139_1374,0.582825289472
305,2017_1139_1376,0.622829048431
306,2017_1139_1388,0.622829048431
307,2017_1139_1407,0.862842585398
308,2017_1139_1411,0.881456343539
309,2017_1139_1413,0.881456343539
310,2017_1139_1417,0.458299297422
311,2017_1139_1423,0.792083366669
312,2017_1139_1425,0.763206153817
313,2017_1139_1433,0.731676883345
314,2017_1139_1435,0.697612800008
315,2017_1139_1436,0.81827748623
316,2017_1139_1437,0.377170951569
317,2017_1139_1438,0.541700702578
318,2017_1139_1439,0.697612800008
319,2017_1139_1448,0.763206153817
320,2017_1139_1452,0.5
321,2017_1139_1455,0.731676883345
322,2017_1139_1457,0.81827748623
323,2017_1139_1458,0.661226505213
324,2017_1139_1462,0.763206153817
325,2017_1153_1166,0.5
326,2017_1153_1173,0.541700702578
327,2017_1153_1181,0.338773494787
328,2017_1153_1190,0.763206153817
329,2017_1153_1195,0.792083366669
330,2017_1153_1196,0.417174710528
331,2017_1153_1199,0.377170951569
332,2017_1153_1211,0.302387199992
333,2017_1153_1233,0.792083366669
334,2017_1153_1235,0.458299297422
335,2017_1153_1240,0.81827748623
336,2017_1153_1242,0.302387199992
337,2017_1153_1243,0.697612800008
338,2017_1153_1245,0.792083366669
339,2017_1153_1246,0.338773494787
340,2017_1153_1257,0.338773494787
341,2017_1153_1266,0.661226505213
342,2017_1153_1268,0.5
343,2017_1153_1274,0.582825289472
344,2017_1153_1276,0.541700702578
345,2017_1153_1277,0.622829048431
346,2017_1153_1278,0.458299297422
347,2017_1153_1291,0.841830548826
348,2017_1153_1292,0.731676883345
349,2017_1153_1297,0.81827748623
350,2017_1153_1300,0.841830548826
351,2017_1153_1305,0.731676883345
352,2017_1153_1308,0.792083366669
353,2017_1153_1309,0.841830548826
354,2017_1153_1314,0.302387199992
355,2017_1153_1315,0.81827748623
356,2017_1153_1321,0.582825289472
357,2017_1153_1323,0.458299297422
358,2017_1153_1329,0.661226505213
359,2017_1153_1332,0.377170951569
360,2017_1153_1343,0.731676883345
361,2017_1153_1344,0.697612800008
362,2017_1153_1345,0.417174710528
363,2017_1153_1348,0.697612800008
364,2017_1153_1355,0.841830548826
365,2017_1153_1371,0.622829048431
366,2017_1153_1374,0.5
367,2017_1153_1376,0.541700702578
368,2017_1153_1388,0.541700702578
369,2017_1153_1407,0.81827748623
370,2017_1153_1411,0.841830548826
371,2017_1153_1413,0.841830548826
372,2017_1153_1417,0.377170951569
373,2017_1153_1423,0.731676883345
374,2017_1153_1425,0.697612800008
375,2017_1153_1433,0.661226505213
376,2017_1153_1435,0.622829048431
377,2017_1153_1436,0.763206153817
378,2017_1153_1437,0.302387199992
379,2017_1153_1438,0.458299297422
380,2017_1153_1439,0.622829048431
381,2017_1153_1448,0.697612800008
382,2017_1153_1452,0.417174710528
383,2017_1153_1455,0.661226505213
384,2017_1153_1457,0.763206153817
385,2017_1153_1458,0.582825289472
386,2017_1153_1462,0.697612800008
387,2017_1166_1173,0.541700702578
388,2017_1166_1181,0.338773494787
389,2017_1166_1190,0.763206153817
390,2017_1166_1195,0.792083366669
391,2017_1166_1196,0.417174710528
392,2017_1166_1199,0.377170951569
393,2017_1166_1211,0.302387199992
394,2017_1166_1233,0.792083366669
395,2017_1166_1235,0.458299297422
396,2017_1166_1240,0.81827748623
397,2017_1166_1242,0.302387199992
398,2017_1166_1243,0.697612800008
399,2017_1166_1245,0.792083366669
400,2017_1166_1246,0.338773494787
401,2017_1166_1257,0.338773494787
402,2017_1166_1266,0.661226505213
403,2017_1166_1268,0.5
404,2017_1166_1274,0.582825289472
405,2017_1166_1276,0.541700702578
406,2017_1166_1277,0.622829048431
407,2017_1166_1278,0.458299297422
408,2017_1166_1291,0.841830548826
409,2017_1166_1292,0.731676883345
410,2017_1166_1297,0.81827748623
411,2017_1166_1300,0.841830548826
412,2017_1166_1305,0.731676883345
413,2017_1166_1308,0.792083366669
414,2017_1166_1309,0.841830548826
415,2017_1166_1314,0.302387199992
416,2017_1166_1315,0.81827748623
417,2017_1166_1321,0.582825289472
418,2017_1166_1323,0.458299297422
419,2017_1166_1329,0.661226505213
420,2017_1166_1332,0.377170951569
421,2017_1166_1343,0.731676883345
422,2017_1166_1344,0.697612800008
423,2017_1166_1345,0.417174710528
424,2017_1166_1348,0.697612800008
425,2017_1166_1355,0.841830548826
426,2017_1166_1371,0.622829048431
427,2017_1166_1374,0.5
428,2017_1166_1376,0.541700702578
429,2017_1166_1388,0.541700702578
430,2017_1166_1407,0.81827748623
431,2017_1166_1411,0.841830548826
432,2017_1166_1413,0.841830548826
433,2017_1166_1417,0.377170951569
434,2017_1166_1423,0.731676883345
435,2017_1166_1425,0.697612800008
436,2017_1166_1433,0.661226505213
437,2017_1166_1435,0.622829048431
438,2017_1166_1436,0.763206153817
439,2017_1166_1437,0.302387199992
440,2017_1166_1438,0.458299297422
441,2017_1166_1439,0.622829048431
442,2017_1166_1448,0.697612800008
443,2017_1166_1452,0.417174710528
444,2017_1166_1455,0.661226505213
445,2017_1166_1457,0.763206153817
446,2017_1166_1458,0.582825289472
447,2017_1166_1462,0.697612800008
448,2017_1173_1181,0.302387199992
449,2017_1173_1190,0.731676883345
450,2017_1173_1195,0.763206153817
451,2017_1173_1196,0.377170951569
452,2017_1173_1199,0.338773494787
453,2017_1173_1211,0.268323116655
454,2017_1173_1233,0.763206153817
455,2017_1173_1235,0.417174710528
456,2017_1173_1240,0.792083366669
457,2017_1173_1242,0.268323116655
458,2017_1173_1243,0.661226505213
459,2017_1173_1245,0.763206153817
460,2017_1173_1246,0.302387199992
461,2017_1173_1257,0.302387199992
462,2017_1173_1266,0.622829048431
463,2017_1173_1268,0.458299297422
464,2017_1173_1274,0.541700702578
465,2017_1173_1276,0.5
466,2017_1173_1277,0.582825289472
467,2017_1173_1278,0.417174710528
468,2017_1173_1291,0.81827748623
469,2017_1173_1292,0.697612800008
470,2017_1173_1297,0.792083366669
471,2017_1173_1300,0.81827748623
472,2017_1173_1305,0.697612800008
473,2017_1173_1308,0.763206153817
474,2017_1173_1309,0.81827748623
475,2017_1173_1314,0.268323116655
476,2017_1173_1315,0.792083366669
477,2017_1173_1321,0.541700702578
478,2017_1173_1323,0.417174710528
479,2017_1173_1329,0.622829048431
480,2017_1173_1332,0.338773494787
481,2017_1173_1343,0.697612800008
482,2017_1173_1344,0.661226505213
483,2017_1173_1345,0.377170951569
484,2017_1173_1348,0.661226505213
485,2017_1173_1355,0.81827748623
486,2017_1173_1371,0.582825289472
487,2017_1173_1374,0.458299297422
488,2017_1173_1376,0.5
489,2017_1173_1388,0.5
490,2017_1173_1407,0.792083366669
491,2017_1173_1411,0.81827748623
492,2017_1173_1413,0.81827748623
493,2017_1173_1417,0.338773494787
494,2017_1173_1423,0.697612800008
495,2017_1173_1425,0.661226505213
496,2017_1173_1433,0.622829048431
497,2017_1173_1435,0.582825289472
498,2017_1173_1436,0.731676883345
499,2017_1173_1437,0.268323116655
500,2017_1173_1438,0.417174710528
501,2017_1173_1439,0.582825289472
502,2017_1173_1448,0.661226505213
503,2017_1173_1452,0.377170951569
504,2017_1173_1455,0.622829048431
505,2017_1173_1457,0.731676883345
506,2017_1173_1458,0.541700702578
507,2017_1173_1462,0.661226505213
508,2017_1181_1190,0.862842585398
509,2017_1181_1195,0.881456343539
510,2017_1181_1196,0.582825289472
511,2017_1181_1199,0.541700702578
512,2017_1181_1211,0.458299297422
513,2017_1181_1233,0.881456343539
514,2017_1181_1235,0.622829048431
515,2017_1181_1240,0.897843089924
516,2017_1181_1242,0.458299297422
517,2017_1181_1243,0.81827748623
518,2017_1181_1245,0.881456343539
519,2017_1181_1246,0.5
520,2017_1181_1257,0.5
521,2017_1181_1266,0.792083366669
522,2017_1181_1268,0.661226505213
523,2017_1181_1274,0.731676883345
524,2017_1181_1276,0.697612800008
525,2017_1181_1277,0.763206153817
526,2017_1181_1278,0.622829048431
527,2017_1181_1291,0.912190290254
528,2017_1181_1292,0.841830548826
529,2017_1181_1297,0.897843089924
530,2017_1181_1300,0.912190290254
531,2017_1181_1305,0.841830548826
532,2017_1181_1308,0.881456343539
533,2017_1181_1309,0.912190290254
534,2017_1181_1314,0.458299297422
535,2017_1181_1315,0.897843089924
536,2017_1181_1321,0.731676883345
537,2017_1181_1323,0.622829048431
538,2017_1181_1329,0.792083366669
539,2017_1181_1332,0.541700702578
540,2017_1181_1343,0.841830548826
541,2017_1181_1344,0.81827748623
542,2017_1181_1345,0.582825289472
543,2017_1181_1348,0.81827748623
544,2017_1181_1355,0.912190290254
545,2017_1181_1371,0.763206153817
546,2017_1181_1374,0.661226505213
547,2017_1181_1376,0.697612800008
548,2017_1181_1388,0.697612800008
549,2017_1181_1407,0.897843089924
550,2017_1181_1411,0.912190290254
551,2017_1181_1413,0.912190290254
552,2017_1181_1417,0.541700702578
553,2017_1181_1423,0.841830548826
554,2017_1181_1425,0.81827748623
555,2017_1181_1433,0.792083366669
556,2017_1181_1435,0.763206153817
557,2017_1181_1436,0.862842585398
558,2017_1181_1437,0.458299297422
559,2017_1181_1438,0.622829048431
560,2017_1181_1439,0.763206153817
561,2017_1181_1448,0.81827748623
562,2017_1181_1452,0.582825289472
563,2017_1181_1455,0.792083366669
564,2017_1181_1457,0.862842585398
565,2017_1181_1458,0.731676883345
566,2017_1181_1462,0.81827748623
567,2017_1190_1195,0.541700702578
568,2017_1190_1196,0.18172251377
569,2017_1190_1199,0.158169451174
570,2017_1190_1211,0.118543656461
571,2017_1190_1233,0.541700702578
572,2017_1190_1235,0.207916633331
573,2017_1190_1240,0.582825289472
574,2017_1190_1242,0.118543656461
575,2017_1190_1243,0.417174710528
576,2017_1190_1245,0.541700702578
577,2017_1190_1246,0.137157414602
578,2017_1190_1257,0.137157414602
579,2017_1190_1266,0.377170951569
580,2017_1190_1268,0.236793846183
581,2017_1190_1274,0.302387199992
582,2017_1190_1276,0.268323116655
583,2017_1190_1277,0.338773494787
584,2017_1190_1278,0.207916633331
585,2017_1190_1291,0.622829048431
586,2017_1190_1292,0.458299297422
587,2017_1190_1297,0.582825289472
588,2017_1190_1300,0.622829048431
589,2017_1190_1305,0.458299297422
590,2017_1190_1308,0.541700702578
591,2017_1190_1309,0.622829048431
592,2017_1190_1314,0.118543656461
593,2017_1190_1315,0.582825289472
594,2017_1190_1321,0.302387199992
595,2017_1190_1323,0.207916633331
596,2017_1190_1329,0.377170951569
597,2017_1190_1332,0.158169451174
598,2017_1190_1343,0.458299297422
599,2017_1190_1344,0.417174710528
600,2017_1190_1345,0.18172251377
601,2017_1190_1348,0.417174710528
602,2017_1190_1355,0.622829048431
603,2017_1190_1371,0.338773494787
604,2017_1190_1374,0.236793846183
605,2017_1190_1376,0.268323116655
606,2017_1190_1388,0.268323116655
607,2017_1190_1407,0.582825289472
608,2017_1190_1411,0.622829048431
609,2017_1190_1413,0.622829048431
610,2017_1190_1417,0.158169451174
611,2017_1190_1423,0.458299297422
612,2017_1190_1425,0.417174710528
613,2017_1190_1433,0.377170951569
614,2017_1190_1435,0.338773494787
615,2017_1190_1436,0.5
616,2017_1190_1437,0.118543656461
617,2017_1190_1438,0.207916633331
618,2017_1190_1439,0.338773494787
619,2017_1190_1448,0.417174710528
620,2017_1190_1452,0.18172251377
621,2017_1190_1455,0.377170951569
622,2017_1190_1457,0.5
623,2017_1190_1458,0.302387199992
624,2017_1190_1462,0.417174710528
625,2017_1195_1196,0.158169451174
626,2017_1195_1199,0.137157414602
627,2017_1195_1211,0.102156910076
628,2017_1195_1233,0.5
629,2017_1195_1235,0.18172251377
630,2017_1195_1240,0.541700702578
631,2017_1195_1242,0.102156910076
632,2017_1195_1243,0.377170951569
633,2017_1195_1245,0.5
634,2017_1195_1246,0.118543656461
635,2017_1195_1257,0.118543656461
636,2017_1195_1266,0.338773494787
637,2017_1195_1268,0.207916633331
638,2017_1195_1274,0.268323116655
639,2017_1195_1276,0.236793846183
640,2017_1195_1277,0.302387199992
641,2017_1195_1278,0.18172251377
642,2017_1195_1291,0.582825289472
643,2017_1195_1292,0.417174710528
644,2017_1195_1297,0.541700702578
645,2017_1195_1300,0.582825289472
646,2017_1195_1305,0.417174710528
647,2017_1195_1308,0.5
648,2017_1195_1309,0.582825289472
649,2017_1195_1314,0.102156910076
650,2017_1195_1315,0.541700702578
651,2017_1195_1321,0.268323116655
652,2017_1195_1323,0.18172251377
653,2017_1195_1329,0.338773494787
654,2017_1195_1332,0.137157414602
655,2017_1195_1343,0.417174710528
656,2017_1195_1344,0.377170951569
657,2017_1195_1345,0.158169451174
658,2017_1195_1348,0.377170951569
659,2017_1195_1355,0.582825289472
660,2017_1195_1371,0.302387199992
661,2017_1195_1374,0.207916633331
662,2017_1195_1376,0.236793846183
663,2017_1195_1388,0.236793846183
664,2017_1195_1407,0.541700702578
665,2017_1195_1411,0.582825289472
666,2017_1195_1413,0.582825289472
667,2017_1195_1417,0.137157414602
668,2017_1195_1423,0.417174710528
669,2017_1195_1425,0.377170951569
670,2017_1195_1433,0.338773494787
671,2017_1195_1435,0.302387199992
672,2017_1195_1436,0.458299297422
673,2017_1195_1437,0.102156910076
674,2017_1195_1438,0.18172251377
675,2017_1195_1439,0.302387199992
676,2017_1195_1448,0.377170951569
677,2017_1195_1452,0.158169451174
678,2017_1195_1455,0.338773494787
679,2017_1195_1457,0.458299297422
680,2017_1195_1458,0.268323116655
681,2017_1195_1462,0.377170951569
682,2017_1196_1199,0.458299297422
683,2017_1196_1211,0.377170951569
684,2017_1196_1233,0.841830548826
685,2017_1196_1235,0.541700702578
686,2017_1196_1240,0.862842585398
687,2017_1196_1242,0.377170951569
688,2017_1196_1243,0.763206153817
689,2017_1196_1245,0.841830548826
690,2017_1196_1246,0.417174710528
691,2017_1196_1257,0.417174710528
692,2017_1196_1266,0.731676883345
693,2017_1196_1268,0.582825289472
694,2017_1196_1274,0.661226505213
695,2017_1196_1276,0.622829048431
696,2017_1196_1277,0.697612800008
697,2017_1196_1278,0.541700702578
698,2017_1196_1291,0.881456343539
699,2017_1196_1292,0.792083366669
700,2017_1196_1297,0.862842585398
701,2017_1196_1300,0.881456343539
702,2017_1196_1305,0.792083366669
703,2017_1196_1308,0.841830548826
704,2017_1196_1309,0.881456343539
705,2017_1196_1314,0.377170951569
706,2017_1196_1315,0.862842585398
707,2017_1196_1321,0.661226505213
708,2017_1196_1323,0.541700702578
709,2017_1196_1329,0.731676883345
710,2017_1196_1332,0.458299297422
711,2017_1196_1343,0.792083366669
712,2017_1196_1344,0.763206153817
713,2017_1196_1345,0.5
714,2017_1196_1348,0.763206153817
715,2017_1196_1355,0.881456343539
716,2017_1196_1371,0.697612800008
717,2017_1196_1374,0.582825289472
718,2017_1196_1376,0.622829048431
719,2017_1196_1388,0.622829048431
720,2017_1196_1407,0.862842585398
721,2017_1196_1411,0.881456343539
722,2017_1196_1413,0.881456343539
723,2017_1196_1417,0.458299297422
724,2017_1196_1423,0.792083366669
725,2017_1196_1425,0.763206153817
726,2017_1196_1433,0.731676883345
727,2017_1196_1435,0.697612800008
728,2017_1196_1436,0.81827748623
729,2017_1196_1437,0.377170951569
730,2017_1196_1438,0.541700702578
731,2017_1196_1439,0.697612800008
732,2017_1196_1448,0.763206153817
733,2017_1196_1452,0.5
734,2017_1196_1455,0.731676883345
735,2017_1196_1457,0.81827748623
736,2017_1196_1458,0.661226505213
737,2017_1196_1462,0.763206153817
738,2017_1199_1211,0.417174710528
739,2017_1199_1233,0.862842585398
740,2017_1199_1235,0.582825289472
741,2017_1199_1240,0.881456343539
742,2017_1199_1242,0.417174710528
743,2017_1199_1243,0.792083366669
744,2017_1199_1245,0.862842585398
745,2017_1199_1246,0.458299297422
746,2017_1199_1257,0.458299297422
747,2017_1199_1266,0.763206153817
748,2017_1199_1268,0.622829048431
749,2017_1199_1274,0.697612800008
750,2017_1199_1276,0.661226505213
751,2017_1199_1277,0.731676883345
752,2017_1199_1278,0.582825289472
753,2017_1199_1291,0.897843089924
754,2017_1199_1292,0.81827748623
755,2017_1199_1297,0.881456343539
756,2017_1199_1300,0.897843089924
757,2017_1199_1305,0.81827748623
758,2017_1199_1308,0.862842585398
759,2017_1199_1309,0.897843089924
760,2017_1199_1314,0.417174710528
761,2017_1199_1315,0.881456343539
762,2017_1199_1321,0.697612800008
763,2017_1199_1323,0.582825289472
764,2017_1199_1329,0.763206153817
765,2017_1199_1332,0.5
766,2017_1199_1343,0.81827748623
767,2017_1199_1344,0.792083366669
768,2017_1199_1345,0.541700702578
769,2017_1199_1348,0.792083366669
770,2017_1199_1355,0.897843089924
771,2017_1199_1371,0.731676883345
772,2017_1199_1374,0.622829048431
773,2017_1199_1376,0.661226505213
774,2017_1199_1388,0.661226505213
775,2017_1199_1407,0.881456343539
776,2017_1199_1411,0.897843089924
777,2017_1199_1413,0.897843089924
778,2017_1199_1417,0.5
779,2017_1199_1423,0.81827748623
780,2017_1199_1425,0.792083366669
781,2017_1199_1433,0.763206153817
782,2017_1199_1435,0.731676883345
783,2017_1199_1436,0.841830548826
784,2017_1199_1437,0.417174710528
785,2017_1199_1438,0.582825289472
786,2017_1199_1439,0.731676883345
787,2017_1199_1448,0.792083366669
788,2017_1199_1452,0.541700702578
789,2017_1199_1455,0.763206153817
790,2017_1199_1457,0.841830548826
791,2017_1199_1458,0.697612800008
792,2017_1199_1462,0.792083366669
793,2017_1211_1233,0.897843089924
794,2017_1211_1235,0.661226505213
795,2017_1211_1240,0.912190290254
796,2017_1211_1242,0.5
797,2017_1211_1243,0.841830548826
798,2017_1211_1245,0.897843089924
799,2017_1211_1246,0.541700702578
800,2017_1211_1257,0.541700702578
801,2017_1211_1266,0.81827748623
802,2017_1211_1268,0.697612800008
803,2017_1211_1274,0.763206153817
804,2017_1211_1276,0.731676883345
805,2017_1211_1277,0.792083366669
806,2017_1211_1278,0.661226505213
807,2017_1211_1291,0.92469153893
808,2017_1211_1292,0.862842585398
809,2017_1211_1297,0.912190290254
810,2017_1211_1300,0.92469153893
811,2017_1211_1305,0.862842585398
812,2017_1211_1308,0.897843089924
813,2017_1211_1309,0.92469153893
814,2017_1211_1314,0.5
815,2017_1211_1315,0.912190290254
816,2017_1211_1321,0.763206153817
817,2017_1211_1323,0.661226505213
818,2017_1211_1329,0.81827748623
819,2017_1211_1332,0.582825289472
820,2017_1211_1343,0.862842585398
821,2017_1211_1344,0.841830548826
822,2017_1211_1345,0.622829048431
823,2017_1211_1348,0.841830548826
824,2017_1211_1355,0.92469153893
825,2017_1211_1371,0.792083366669
826,2017_1211_1374,0.697612800008
827,2017_1211_1376,0.731676883345
828,2017_1211_1388,0.731676883345
829,2017_1211_1407,0.912190290254
830,2017_1211_1411,0.92469153893
831,2017_1211_1413,0.92469153893
832,2017_1211_1417,0.582825289472
833,2017_1211_1423,0.862842585398
834,2017_1211_1425,0.841830548826
835,2017_1211_1433,0.81827748623
836,2017_1211_1435,0.792083366669
837,2017_1211_1436,0.881456343539
838,2017_1211_1437,0.5
839,2017_1211_1438,0.661226505213
840,2017_1211_1439,0.792083366669
841,2017_1211_1448,0.841830548826
842,2017_1211_1452,0.622829048431
843,2017_1211_1455,0.81827748623
844,2017_1211_1457,0.881456343539
845,2017_1211_1458,0.763206153817
846,2017_1211_1462,0.841830548826
847,2017_1233_1235,0.18172251377
848,2017_1233_1240,0.541700702578
849,2017_1233_1242,0.102156910076
850,2017_1233_1243,0.377170951569
851,2017_1233_1245,0.5
852,2017_1233_1246,0.118543656461
853,2017_1233_1257,0.118543656461
854,2017_1233_1266,0.338773494787
855,2017_1233_1268,0.207916633331
856,2017_1233_1274,0.268323116655
857,2017_1233_1276,0.236793846183
858,2017_1233_1277,0.302387199992
859,2017_1233_1278,0.18172251377
860,2017_1233_1291,0.582825289472
861,2017_1233_1292,0.417174710528
862,2017_1233_1297,0.541700702578
863,2017_1233_1300,0.582825289472
864,2017_1233_1305,0.417174710528
865,2017_1233_1308,0.5
866,2017_1233_1309,0.582825289472
867,2017_1233_1314,0.102156910076
868,2017_1233_1315,0.541700702578
869,2017_1233_1321,0.268323116655
870,2017_1233_1323,0.18172251377
871,2017_1233_1329,0.338773494787
872,2017_1233_1332,0.137157414602
873,2017_1233_1343,0.417174710528
874,2017_1233_1344,0.377170951569
875,2017_1233_1345,0.158169451174
876,2017_1233_1348,0.377170951569
877,2017_1233_1355,0.582825289472
878,2017_1233_1371,0.302387199992
879,2017_1233_1374,0.207916633331
880,2017_1233_1376,0.236793846183
881,2017_1233_1388,0.236793846183
882,2017_1233_1407,0.541700702578
883,2017_1233_1411,0.582825289472
884,2017_1233_1413,0.582825289472
885,2017_1233_1417,0.137157414602
886,2017_1233_1423,0.417174710528
887,2017_1233_1425,0.377170951569
888,2017_1233_1433,0.338773494787
889,2017_1233_1435,0.302387199992
890,2017_1233_1436,0.458299297422
891,2017_1233_1437,0.102156910076
892,2017_1233_1438,0.18172251377
893,2017_1233_1439,0.302387199992
894,2017_1233_1448,0.377170951569
895,2017_1233_1452,0.158169451174
896,2017_1233_1455,0.338773494787
897,2017_1233_1457,0.458299297422
898,2017_1233_1458,0.268323116655
899,2017_1233_1462,0.377170951569
900,2017_1235_1240,0.841830548826
901,2017_1235_1242,0.338773494787
902,2017_1235_1243,0.731676883345
903,2017_1235_1245,0.81827748623
904,2017_1235_1246,0.377170951569
905,2017_1235_1257,0.377170951569
906,2017_1235_1266,0.697612800008
907,2017_1235_1268,0.541700702578
908,2017_1235_1274,0.622829048431
909,2017_1235_1276,0.582825289472
910,2017_1235_1277,0.661226505213
911,2017_1235_1278,0.5
912,2017_1235_1291,0.862842585398
913,2017_1235_1292,0.763206153817
914,2017_1235_1297,0.841830548826
915,2017_1235_1300,0.862842585398
916,2017_1235_1305,0.763206153817
917,2017_1235_1308,0.81827748623
918,2017_1235_1309,0.862842585398
919,2017_1235_1314,0.338773494787
920,2017_1235_1315,0.841830548826
921,2017_1235_1321,0.622829048431
922,2017_1235_1323,0.5
923,2017_1235_1329,0.697612800008
924,2017_1235_1332,0.417174710528
925,2017_1235_1343,0.763206153817
926,2017_1235_1344,0.731676883345
927,2017_1235_1345,0.458299297422
928,2017_1235_1348,0.731676883345
929,2017_1235_1355,0.862842585398
930,2017_1235_1371,0.661226505213
931,2017_1235_1374,0.541700702578
932,2017_1235_1376,0.582825289472
933,2017_1235_1388,0.582825289472
934,2017_1235_1407,0.841830548826
935,2017_1235_1411,0.862842585398
936,2017_1235_1413,0.862842585398
937,2017_1235_1417,0.417174710528
938,2017_1235_1423,0.763206153817
939,2017_1235_1425,0.731676883345
940,2017_1235_1433,0.697612800008
941,2017_1235_1435,0.661226505213
942,2017_1235_1436,0.792083366669
943,2017_1235_1437,0.338773494787
944,2017_1235_1438,0.5
945,2017_1235_1439,0.661226505213
946,2017_1235_1448,0.731676883345
947,2017_1235_1452,0.458299297422
948,2017_1235_1455,0.697612800008
949,2017_1235_1457,0.792083366669
950,2017_1235_1458,0.622829048431
951,2017_1235_1462,0.731676883345
952,2017_1240_1242,0.0878097097456
953,2017_1240_1243,0.338773494787
954,2017_1240_1245,0.458299297422
955,2017_1240_1246,0.102156910076
956,2017_1240_1257,0.102156910076
957,2017_1240_1266,0.302387199992
958,2017_1240_1268,0.18172251377
959,2017_1240_1274,0.236793846183
960,2017_1240_1276,0.207916633331
961,2017_1240_1277,0.268323116655
962,2017_1240_1278,0.158169451174
963,2017_1240_1291,0.541700702578
964,2017_1240_1292,0.377170951569
965,2017_1240_1297,0.5
966,2017_1240_1300,0.541700702578
967,2017_1240_1305,0.377170951569
968,2017_1240_1308,0.458299297422
969,2017_1240_1309,0.541700702578
970,2017_1240_1314,0.0878097097456
971,2017_1240_1315,0.5
972,2017_1240_1321,0.236793846183
973,2017_1240_1323,0.158169451174
974,2017_1240_1329,0.302387199992
975,2017_1240_1332,0.118543656461
976,2017_1240_1343,0.377170951569
977,2017_1240_1344,0.338773494787
978,2017_1240_1345,0.137157414602
979,2017_1240_1348,0.338773494787
980,2017_1240_1355,0.541700702578
981,2017_1240_1371,0.268323116655
982,2017_1240_1374,0.18172251377
983,2017_1240_1376,0.207916633331
984,2017_1240_1388,0.207916633331
985,2017_1240_1407,0.5
986,2017_1240_1411,0.541700702578
987,2017_1240_1413,0.541700702578
988,2017_1240_1417,0.118543656461
989,2017_1240_1423,0.377170951569
990,2017_1240_1425,0.338773494787
991,2017_1240_1433,0.302387199992
992,2017_1240_1435,0.268323116655
993,2017_1240_1436,0.417174710528
994,2017_1240_1437,0.0878097097456
995,2017_1240_1438,0.158169451174
996,2017_1240_1439,0.268323116655
997,2017_1240_1448,0.338773494787
998,2017_1240_1452,0.137157414602
999,2017_1240_1455,0.302387199992
1000,2017_1240_1457,0.417174710528
1001,2017_1240_1458,0.236793846183
1002,2017_1240_1462,0.338773494787
1003,2017_1242_1243,0.841830548826
1004,2017_1242_1245,0.897843089924
1005,2017_1242_1246,0.541700702578
1006,2017_1242_1257,0.541700702578
1007,2017_1242_1266,0.81827748623
1008,2017_1242_1268,0.697612800008
1009,2017_1242_1274,0.763206153817
1010,2017_1242_1276,0.731676883345
1011,2017_1242_1277,0.792083366669
1012,2017_1242_1278,0.661226505213
1013,2017_1242_1291,0.92469153893
1014,2017_1242_1292,0.862842585398
1015,2017_1242_1297,0.912190290254
1016,2017_1242_1300,0.92469153893
1017,2017_1242_1305,0.862842585398
1018,2017_1242_1308,0.897843089924
1019,2017_1242_1309,0.92469153893
1020,2017_1242_1314,0.5
1021,2017_1242_1315,0.912190290254
1022,2017_1242_1321,0.763206153817
1023,2017_1242_1323,0.661226505213
1024,2017_1242_1329,0.81827748623
1025,2017_1242_1332,0.582825289472
1026,2017_1242_1343,0.862842585398
1027,2017_1242_1344,0.841830548826
1028,2017_1242_1345,0.622829048431
1029,2017_1242_1348,0.841830548826
1030,2017_1242_1355,0.92469153893
1031,2017_1242_1371,0.792083366669
1032,2017_1242_1374,0.697612800008
1033,2017_1242_1376,0.731676883345
1034,2017_1242_1388,0.731676883345
1035,2017_1242_1407,0.912190290254
1036,2017_1242_1411,0.92469153893
1037,2017_1242_1413,0.92469153893
1038,2017_1242_1417,0.582825289472
1039,2017_1242_1423,0.862842585398
1040,2017_1242_1425,0.841830548826
1041,2017_1242_1433,0.81827748623
1042,2017_1242_1435,0.792083366669
1043,2017_1242_1436,0.881456343539
1044,2017_1242_1437,0.5
1045,2017_1242_1438,0.661226505213
1046,2017_1242_1439,0.792083366669
1047,2017_1242_1448,0.841830548826
1048,2017_1242_1452,0.622829048431
1049,2017_1242_1455,0.81827748623
1050,2017_1242_1457,0.881456343539
1051,2017_1242_1458,0.763206153817
1052,2017_1242_1462,0.841830548826
1053,2017_1243_1245,0.622829048431
1054,2017_1243_1246,0.18172251377
1055,2017_1243_1257,0.18172251377
1056,2017_1243_1266,0.458299297422
1057,2017_1243_1268,0.302387199992
1058,2017_1243_1274,0.377170951569
1059,2017_1243_1276,0.338773494787
1060,2017_1243_1277,0.417174710528
1061,2017_1243_1278,0.268323116655
1062,2017_1243_1291,0.697612800008
1063,2017_1243_1292,0.541700702578
1064,2017_1243_1297,0.661226505213
1065,2017_1243_1300,0.697612800008
1066,2017_1243_1305,0.541700702578
1067,2017_1243_1308,0.622829048431
1068,2017_1243_1309,0.697612800008
1069,2017_1243_1314,0.158169451174
1070,2017_1243_1315,0.661226505213
1071,2017_1243_1321,0.377170951569
1072,2017_1243_1323,0.268323116655
1073,2017_1243_1329,0.458299297422
1074,2017_1243_1332,0.207916633331
1075,2017_1243_1343,0.541700702578
1076,2017_1243_1344,0.5
1077,2017_1243_1345,0.236793846183
1078,2017_1243_1348,0.5
1079,2017_1243_1355,0.697612800008
1080,2017_1243_1371,0.417174710528
1081,2017_1243_1374,0.302387199992
1082,2017_1243_1376,0.338773494787
1083,2017_1243_1388,0.338773494787
1084,2017_1243_1407,0.661226505213
1085,2017_1243_1411,0.697612800008
1086,2017_1243_1413,0.697612800008
1087,2017_1243_1417,0.207916633331
1088,2017_1243_1423,0.541700702578
1089,2017_1243_1425,0.5
1090,2017_1243_1433,0.458299297422
1091,2017_1243_1435,0.417174710528
1092,2017_1243_1436,0.582825289472
1093,2017_1243_1437,0.158169451174
1094,2017_1243_1438,0.268323116655
1095,2017_1243_1439,0.417174710528
1096,2017_1243_1448,0.5
1097,2017_1243_1452,0.236793846183
1098,2017_1243_1455,0.458299297422
1099,2017_1243_1457,0.582825289472
1100,2017_1243_1458,0.377170951569
1101,2017_1243_1462,0.5
1102,2017_1245_1246,0.118543656461
1103,2017_1245_1257,0.118543656461
1104,2017_1245_1266,0.338773494787
1105,2017_1245_1268,0.207916633331
1106,2017_1245_1274,0.268323116655
1107,2017_1245_1276,0.236793846183
1108,2017_1245_1277,0.302387199992
1109,2017_1245_1278,0.18172251377
1110,2017_1245_1291,0.582825289472
1111,2017_1245_1292,0.417174710528
1112,2017_1245_1297,0.541700702578
1113,2017_1245_1300,0.582825289472
1114,2017_1245_1305,0.417174710528
1115,2017_1245_1308,0.5
1116,2017_1245_1309,0.582825289472
1117,2017_1245_1314,0.102156910076
1118,2017_1245_1315,0.541700702578
1119,2017_1245_1321,0.268323116655
1120,2017_1245_1323,0.18172251377
1121,2017_1245_1329,0.338773494787
1122,2017_1245_1332,0.137157414602
1123,2017_1245_1343,0.417174710528
1124,2017_1245_1344,0.377170951569
1125,2017_1245_1345,0.158169451174
1126,2017_1245_1348,0.377170951569
1127,2017_1245_1355,0.582825289472
1128,2017_1245_1371,0.302387199992
1129,2017_1245_1374,0.207916633331
1130,2017_1245_1376,0.236793846183
1131,2017_1245_1388,0.236793846183
1132,2017_1245_1407,0.541700702578
1133,2017_1245_1411,0.582825289472
1134,2017_1245_1413,0.582825289472
1135,2017_1245_1417,0.137157414602
1136,2017_1245_1423,0.417174710528
1137,2017_1245_1425,0.377170951569
1138,2017_1245_1433,0.338773494787
1139,2017_1245_1435,0.302387199992
1140,2017_1245_1436,0.458299297422
1141,2017_1245_1437,0.102156910076
1142,2017_1245_1438,0.18172251377
1143,2017_1245_1439,0.302387199992
1144,2017_1245_1448,0.377170951569
1145,2017_1245_1452,0.158169451174
1146,2017_1245_1455,0.338773494787
1147,2017_1245_1457,0.458299297422
1148,2017_1245_1458,0.268323116655
1149,2017_1245_1462,0.377170951569
1150,2017_1246_1257,0.5
1151,2017_1246_1266,0.792083366669
1152,2017_1246_1268,0.661226505213
1153,2017_1246_1274,0.731676883345
1154,2017_1246_1276,0.697612800008
1155,2017_1246_1277,0.763206153817
1156,2017_1246_1278,0.622829048431
1157,2017_1246_1291,0.912190290254
1158,2017_1246_1292,0.841830548826
1159,2017_1246_1297,0.897843089924
1160,2017_1246_1300,0.912190290254
1161,2017_1246_1305,0.841830548826
1162,2017_1246_1308,0.881456343539
1163,2017_1246_1309,0.912190290254
1164,2017_1246_1314,0.458299297422
1165,2017_1246_1315,0.897843089924
1166,2017_1246_1321,0.731676883345
1167,2017_1246_1323,0.622829048431
1168,2017_1246_1329,0.792083366669
1169,2017_1246_1332,0.541700702578
1170,2017_1246_1343,0.841830548826
1171,2017_1246_1344,0.81827748623
1172,2017_1246_1345,0.582825289472
1173,2017_1246_1348,0.81827748623
1174,2017_1246_1355,0.912190290254
1175,2017_1246_1371,0.763206153817
1176,2017_1246_1374,0.661226505213
1177,2017_1246_1376,0.697612800008
1178,2017_1246_1388,0.697612800008
1179,2017_1246_1407,0.897843089924
1180,2017_1246_1411,0.912190290254
1181,2017_1246_1413,0.912190290254
1182,2017_1246_1417,0.541700702578
1183,2017_1246_1423,0.841830548826
1184,2017_1246_1425,0.81827748623
1185,2017_1246_1433,0.792083366669
1186,2017_1246_1435,0.763206153817
1187,2017_1246_1436,0.862842585398
1188,2017_1246_1437,0.458299297422
1189,2017_1246_1438,0.622829048431
1190,2017_1246_1439,0.763206153817
1191,2017_1246_1448,0.81827748623
1192,2017_1246_1452,0.582825289472
1193,2017_1246_1455,0.792083366669
1194,2017_1246_1457,0.862842585398
1195,2017_1246_1458,0.731676883345
1196,2017_1246_1462,0.81827748623
1197,2017_1257_1266,0.792083366669
1198,2017_1257_1268,0.661226505213
1199,2017_1257_1274,0.731676883345
1200,2017_1257_1276,0.697612800008
1201,2017_1257_1277,0.763206153817
1202,2017_1257_1278,0.622829048431
1203,2017_1257_1291,0.912190290254
1204,2017_1257_1292,0.841830548826
1205,2017_1257_1297,0.897843089924
1206,2017_1257_1300,0.912190290254
1207,2017_1257_1305,0.841830548826
1208,2017_1257_1308,0.881456343539
1209,2017_1257_1309,0.912190290254
1210,2017_1257_1314,0.458299297422
1211,2017_1257_1315,0.897843089924
1212,2017_1257_1321,0.731676883345
1213,2017_1257_1323,0.622829048431
1214,2017_1257_1329,0.792083366669
1215,2017_1257_1332,0.541700702578
1216,2017_1257_1343,0.841830548826
1217,2017_1257_1344,0.81827748623
1218,2017_1257_1345,0.582825289472
1219,2017_1257_1348,0.81827748623
1220,2017_1257_1355,0.912190290254
1221,2017_1257_1371,0.763206153817
1222,2017_1257_1374,0.661226505213
1223,2017_1257_1376,0.697612800008
1224,2017_1257_1388,0.697612800008
1225,2017_1257_1407,0.897843089924
1226,2017_1257_1411,0.912190290254
1227,2017_1257_1413,0.912190290254
1228,2017_1257_1417,0.541700702578
1229,2017_1257_1423,0.841830548826
1230,2017_1257_1425,0.81827748623
1231,2017_1257_1433,0.792083366669
1232,2017_1257_1435,0.763206153817
1233,2017_1257_1436,0.862842585398
1234,2017_1257_1437,0.458299297422
1235,2017_1257_1438,0.622829048431
1236,2017_1257_1439,0.763206153817
1237,2017_1257_1448,0.81827748623
1238,2017_1257_1452,0.582825289472
1239,2017_1257_1455,0.792083366669
1240,2017_1257_1457,0.862842585398
1241,2017_1257_1458,0.731676883345
1242,2017_1257_1462,0.81827748623
1243,2017_1266_1268,0.338773494787
1244,2017_1266_1274,0.417174710528
1245,2017_1266_1276,0.377170951569
1246,2017_1266_1277,0.458299297422
1247,2017_1266_1278,0.302387199992
1248,2017_1266_1291,0.731676883345
1249,2017_1266_1292,0.582825289472
1250,2017_1266_1297,0.697612800008
1251,2017_1266_1300,0.731676883345
1252,2017_1266_1305,0.582825289472
1253,2017_1266_1308,0.661226505213
1254,2017_1266_1309,0.731676883345
1255,2017_1266_1314,0.18172251377
1256,2017_1266_1315,0.697612800008
1257,2017_1266_1321,0.417174710528
1258,2017_1266_1323,0.302387199992
1259,2017_1266_1329,0.5
1260,2017_1266_1332,0.236793846183
1261,2017_1266_1343,0.582825289472
1262,2017_1266_1344,0.541700702578
1263,2017_1266_1345,0.268323116655
1264,2017_1266_1348,0.541700702578
1265,2017_1266_1355,0.731676883345
1266,2017_1266_1371,0.458299297422
1267,2017_1266_1374,0.338773494787
1268,2017_1266_1376,0.377170951569
1269,2017_1266_1388,0.377170951569
1270,2017_1266_1407,0.697612800008
1271,2017_1266_1411,0.731676883345
1272,2017_1266_1413,0.731676883345
1273,2017_1266_1417,0.236793846183
1274,2017_1266_1423,0.582825289472
1275,2017_1266_1425,0.541700702578
1276,2017_1266_1433,0.5
1277,2017_1266_1435,0.458299297422
1278,2017_1266_1436,0.622829048431
1279,2017_1266_1437,0.18172251377
1280,2017_1266_1438,0.302387199992
1281,2017_1266_1439,0.458299297422
1282,2017_1266_1448,0.541700702578
1283,2017_1266_1452,0.268323116655
1284,2017_1266_1455,0.5
1285,2017_1266_1457,0.622829048431
1286,2017_1266_1458,0.417174710528
1287,2017_1266_1462,0.541700702578
1288,2017_1268_1274,0.582825289472
1289,2017_1268_1276,0.541700702578
1290,2017_1268_1277,0.622829048431
1291,2017_1268_1278,0.458299297422
1292,2017_1268_1291,0.841830548826
1293,2017_1268_1292,0.731676883345
1294,2017_1268_1297,0.81827748623
1295,2017_1268_1300,0.841830548826
1296,2017_1268_1305,0.731676883345
1297,2017_1268_1308,0.792083366669
1298,2017_1268_1309,0.841830548826
1299,2017_1268_1314,0.302387199992
1300,2017_1268_1315,0.81827748623
1301,2017_1268_1321,0.582825289472
1302,2017_1268_1323,0.458299297422
1303,2017_1268_1329,0.661226505213
1304,2017_1268_1332,0.377170951569
1305,2017_1268_1343,0.731676883345
1306,2017_1268_1344,0.697612800008
1307,2017_1268_1345,0.417174710528
1308,2017_1268_1348,0.697612800008
1309,2017_1268_1355,0.841830548826
1310,2017_1268_1371,0.622829048431
1311,2017_1268_1374,0.5
1312,2017_1268_1376,0.541700702578
1313,2017_1268_1388,0.541700702578
1314,2017_1268_1407,0.81827748623
1315,2017_1268_1411,0.841830548826
1316,2017_1268_1413,0.841830548826
1317,2017_1268_1417,0.377170951569
1318,2017_1268_1423,0.731676883345
1319,2017_1268_1425,0.697612800008
1320,2017_1268_1433,0.661226505213
1321,2017_1268_1435,0.622829048431
1322,2017_1268_1436,0.763206153817
1323,2017_1268_1437,0.302387199992
1324,2017_1268_1438,0.458299297422
1325,2017_1268_1439,0.622829048431
1326,2017_1268_1448,0.697612800008
1327,2017_1268_1452,0.417174710528
1328,2017_1268_1455,0.661226505213
1329,2017_1268_1457,0.763206153817
1330,2017_1268_1458,0.582825289472
1331,2017_1268_1462,0.697612800008
1332,2017_1274_1276,0.458299297422
1333,2017_1274_1277,0.541700702578
1334,2017_1274_1278,0.377170951569
1335,2017_1274_1291,0.792083366669
1336,2017_1274_1292,0.661226505213
1337,2017_1274_1297,0.763206153817
1338,2017_1274_1300,0.792083366669
1339,2017_1274_1305,0.661226505213
1340,2017_1274_1308,0.731676883345
1341,2017_1274_1309,0.792083366669
1342,2017_1274_1314,0.236793846183
1343,2017_1274_1315,0.763206153817
1344,2017_1274_1321,0.5
1345,2017_1274_1323,0.377170951569
1346,2017_1274_1329,0.582825289472
1347,2017_1274_1332,0.302387199992
1348,2017_1274_1343,0.661226505213
1349,2017_1274_1344,0.622829048431
1350,2017_1274_1345,0.338773494787
1351,2017_1274_1348,0.622829048431
1352,2017_1274_1355,0.792083366669
1353,2017_1274_1371,0.541700702578
1354,2017_1274_1374,0.417174710528
1355,2017_1274_1376,0.458299297422
1356,2017_1274_1388,0.458299297422
1357,2017_1274_1407,0.763206153817
1358,2017_1274_1411,0.792083366669
1359,2017_1274_1413,0.792083366669
1360,2017_1274_1417,0.302387199992
1361,2017_1274_1423,0.661226505213
1362,2017_1274_1425,0.622829048431
1363,2017_1274_1433,0.582825289472
1364,2017_1274_1435,0.541700702578
1365,2017_1274_1436,0.697612800008
1366,2017_1274_1437,0.236793846183
1367,2017_1274_1438,0.377170951569
1368,2017_1274_1439,0.541700702578
1369,2017_1274_1448,0.622829048431
1370,2017_1274_1452,0.338773494787
1371,2017_1274_1455,0.582825289472
1372,2017_1274_1457,0.697612800008
1373,2017_1274_1458,0.5
1374,2017_1274_1462,0.622829048431
1375,2017_1276_1277,0.582825289472
1376,2017_1276_1278,0.417174710528
1377,2017_1276_1291,0.81827748623
1378,2017_1276_1292,0.697612800008
1379,2017_1276_1297,0.792083366669
1380,2017_1276_1300,0.81827748623
1381,2017_1276_1305,0.697612800008
1382,2017_1276_1308,0.763206153817
1383,2017_1276_1309,0.81827748623
1384,2017_1276_1314,0.268323116655
1385,2017_1276_1315,0.792083366669
1386,2017_1276_1321,0.541700702578
1387,2017_1276_1323,0.417174710528
1388,2017_1276_1329,0.622829048431
1389,2017_1276_1332,0.338773494787
1390,2017_1276_1343,0.697612800008
1391,2017_1276_1344,0.661226505213
1392,2017_1276_1345,0.377170951569
1393,2017_1276_1348,0.661226505213
1394,2017_1276_1355,0.81827748623
1395,2017_1276_1371,0.582825289472
1396,2017_1276_1374,0.458299297422
1397,2017_1276_1376,0.5
1398,2017_1276_1388,0.5
1399,2017_1276_1407,0.792083366669
1400,2017_1276_1411,0.81827748623
1401,2017_1276_1413,0.81827748623
1402,2017_1276_1417,0.338773494787
1403,2017_1276_1423,0.697612800008
1404,2017_1276_1425,0.661226505213
1405,2017_1276_1433,0.622829048431
1406,2017_1276_1435,0.582825289472
1407,2017_1276_1436,0.731676883345
1408,2017_1276_1437,0.268323116655
1409,2017_1276_1438,0.417174710528
1410,2017_1276_1439,0.582825289472
1411,2017_1276_1448,0.661226505213
1412,2017_1276_1452,0.377170951569
1413,2017_1276_1455,0.622829048431
1414,2017_1276_1457,0.731676883345
1415,2017_1276_1458,0.541700702578
1416,2017_1276_1462,0.661226505213
1417,2017_1277_1278,0.338773494787
1418,2017_1277_1291,0.763206153817
1419,2017_1277_1292,0.622829048431
1420,2017_1277_1297,0.731676883345
1421,2017_1277_1300,0.763206153817
1422,2017_1277_1305,0.622829048431
1423,2017_1277_1308,0.697612800008
1424,2017_1277_1309,0.763206153817
1425,2017_1277_1314,0.207916633331
1426,2017_1277_1315,0.731676883345
1427,2017_1277_1321,0.458299297422
1428,2017_1277_1323,0.338773494787
1429,2017_1277_1329,0.541700702578
1430,2017_1277_1332,0.268323116655
1431,2017_1277_1343,0.622829048431
1432,2017_1277_1344,0.582825289472
1433,2017_1277_1345,0.302387199992
1434,2017_1277_1348,0.582825289472
1435,2017_1277_1355,0.763206153817
1436,2017_1277_1371,0.5
1437,2017_1277_1374,0.377170951569
1438,2017_1277_1376,0.417174710528
1439,2017_1277_1388,0.417174710528
1440,2017_1277_1407,0.731676883345
1441,2017_1277_1411,0.763206153817
1442,2017_1277_1413,0.763206153817
1443,2017_1277_1417,0.268323116655
1444,2017_1277_1423,0.622829048431
1445,2017_1277_1425,0.582825289472
1446,2017_1277_1433,0.541700702578
1447,2017_1277_1435,0.5
1448,2017_1277_1436,0.661226505213
1449,2017_1277_1437,0.207916633331
1450,2017_1277_1438,0.338773494787
1451,2017_1277_1439,0.5
1452,2017_1277_1448,0.582825289472
1453,2017_1277_1452,0.302387199992
1454,2017_1277_1455,0.541700702578
1455,2017_1277_1457,0.661226505213
1456,2017_1277_1458,0.458299297422
1457,2017_1277_1462,0.582825289472
1458,2017_1278_1291,0.862842585398
1459,2017_1278_1292,0.763206153817
1460,2017_1278_1297,0.841830548826
1461,2017_1278_1300,0.862842585398
1462,2017_1278_1305,0.763206153817
1463,2017_1278_1308,0.81827748623
1464,2017_1278_1309,0.862842585398
1465,2017_1278_1314,0.338773494787
1466,2017_1278_1315,0.841830548826
1467,2017_1278_1321,0.622829048431
1468,2017_1278_1323,0.5
1469,2017_1278_1329,0.697612800008
1470,2017_1278_1332,0.417174710528
1471,2017_1278_1343,0.763206153817
1472,2017_1278_1344,0.731676883345
1473,2017_1278_1345,0.458299297422
1474,2017_1278_1348,0.731676883345
1475,2017_1278_1355,0.862842585398
1476,2017_1278_1371,0.661226505213
1477,2017_1278_1374,0.541700702578
1478,2017_1278_1376,0.582825289472
1479,2017_1278_1388,0.582825289472
1480,2017_1278_1407,0.841830548826
1481,2017_1278_1411,0.862842585398
1482,2017_1278_1413,0.862842585398
1483,2017_1278_1417,0.417174710528
1484,2017_1278_1423,0.763206153817
1485,2017_1278_1425,0.731676883345
1486,2017_1278_1433,0.697612800008
1487,2017_1278_1435,0.661226505213
1488,2017_1278_1436,0.792083366669
1489,2017_1278_1437,0.338773494787
1490,2017_1278_1438,0.5
1491,2017_1278_1439,0.661226505213
1492,2017_1278_1448,0.731676883345
1493,2017_1278_1452,0.458299297422
1494,2017_1278_1455,0.697612800008
1495,2017_1278_1457,0.792083366669
1496,2017_1278_1458,0.622829048431
1497,2017_1278_1462,0.731676883345
1498,2017_1291_1292,0.338773494787
1499,2017_1291_1297,0.458299297422
1500,2017_1291_1300,0.5
1501,2017_1291_1305,0.338773494787
1502,2017_1291_1308,0.417174710528
1503,2017_1291_1309,0.5
1504,2017_1291_1314,0.0753084610704
1505,2017_1291_1315,0.458299297422
1506,2017_1291_1321,0.207916633331
1507,2017_1291_1323,0.137157414602
1508,2017_1291_1329,0.268323116655
1509,2017_1291_1332,0.102156910076
1510,2017_1291_1343,0.338773494787
1511,2017_1291_1344,0.302387199992
1512,2017_1291_1345,0.118543656461
1513,2017_1291_1348,0.302387199992
1514,2017_1291_1355,0.5
1515,2017_1291_1371,0.236793846183
1516,2017_1291_1374,0.158169451174
1517,2017_1291_1376,0.18172251377
1518,2017_1291_1388,0.18172251377
1519,2017_1291_1407,0.458299297422
1520,2017_1291_1411,0.5
1521,2017_1291_1413,0.5
1522,2017_1291_1417,0.102156910076
1523,2017_1291_1423,0.338773494787
1524,2017_1291_1425,0.302387199992
1525,2017_1291_1433,0.268323116655
1526,2017_1291_1435,0.236793846183
1527,2017_1291_1436,0.377170951569
1528,2017_1291_1437,0.0753084610704
1529,2017_1291_1438,0.137157414602
1530,2017_1291_1439,0.236793846183
1531,2017_1291_1448,0.302387199992
1532,2017_1291_1452,0.118543656461
1533,2017_1291_1455,0.268323116655
1534,2017_1291_1457,0.377170951569
1535,2017_1291_1458,0.207916633331
1536,2017_1291_1462,0.302387199992
1537,2017_1292_1297,0.622829048431
1538,2017_1292_1300,0.661226505213
1539,2017_1292_1305,0.5
1540,2017_1292_1308,0.582825289472
1541,2017_1292_1309,0.661226505213
1542,2017_1292_1314,0.137157414602
1543,2017_1292_1315,0.622829048431
1544,2017_1292_1321,0.338773494787
1545,2017_1292_1323,0.236793846183
1546,2017_1292_1329,0.417174710528
1547,2017_1292_1332,0.18172251377
1548,2017_1292_1343,0.5
1549,2017_1292_1344,0.458299297422
1550,2017_1292_1345,0.207916633331
1551,2017_1292_1348,0.458299297422
1552,2017_1292_1355,0.661226505213
1553,2017_1292_1371,0.377170951569
1554,2017_1292_1374,0.268323116655
1555,2017_1292_1376,0.302387199992
1556,2017_1292_1388,0.302387199992
1557,2017_1292_1407,0.622829048431
1558,2017_1292_1411,0.661226505213
1559,2017_1292_1413,0.661226505213
1560,2017_1292_1417,0.18172251377
1561,2017_1292_1423,0.5
1562,2017_1292_1425,0.458299297422
1563,2017_1292_1433,0.417174710528
1564,2017_1292_1435,0.377170951569
1565,2017_1292_1436,0.541700702578
1566,2017_1292_1437,0.137157414602
1567,2017_1292_1438,0.236793846183
1568,2017_1292_1439,0.377170951569
1569,2017_1292_1448,0.458299297422
1570,2017_1292_1452,0.207916633331
1571,2017_1292_1455,0.417174710528
1572,2017_1292_1457,0.541700702578
1573,2017_1292_1458,0.338773494787
1574,2017_1292_1462,0.458299297422
1575,2017_1297_1300,0.541700702578
1576,2017_1297_1305,0.377170951569
1577,2017_1297_1308,0.458299297422
1578,2017_1297_1309,0.541700702578
1579,2017_1297_1314,0.0878097097456
1580,2017_1297_1315,0.5
1581,2017_1297_1321,0.236793846183
1582,2017_1297_1323,0.158169451174
1583,2017_1297_1329,0.302387199992
1584,2017_1297_1332,0.118543656461
1585,2017_1297_1343,0.377170951569
1586,2017_1297_1344,0.338773494787
1587,2017_1297_1345,0.137157414602
1588,2017_1297_1348,0.338773494787
1589,2017_1297_1355,0.541700702578
1590,2017_1297_1371,0.268323116655
1591,2017_1297_1374,0.18172251377
1592,2017_1297_1376,0.207916633331
1593,2017_1297_1388,0.207916633331
1594,2017_1297_1407,0.5
1595,2017_1297_1411,0.541700702578
1596,2017_1297_1413,0.541700702578
1597,2017_1297_1417,0.118543656461
1598,2017_1297_1423,0.377170951569
1599,2017_1297_1425,0.338773494787
1600,2017_1297_1433,0.302387199992
1601,2017_1297_1435,0.268323116655
1602,2017_1297_1436,0.417174710528
1603,2017_1297_1437,0.0878097097456
1604,2017_1297_1438,0.158169451174
1605,2017_1297_1439,0.268323116655
1606,2017_1297_1448,0.338773494787
1607,2017_1297_1452,0.137157414602
1608,2017_1297_1455,0.302387199992
1609,2017_1297_1457,0.417174710528
1610,2017_1297_1458,0.236793846183
1611,2017_1297_1462,0.338773494787
1612,2017_1300_1305,0.338773494787
1613,2017_1300_1308,0.417174710528
1614,2017_1300_1309,0.5
1615,2017_1300_1314,0.0753084610704
1616,2017_1300_1315,0.458299297422
1617,2017_1300_1321,0.207916633331
1618,2017_1300_1323,0.137157414602
1619,2017_1300_1329,0.268323116655
1620,2017_1300_1332,0.102156910076
1621,2017_1300_1343,0.338773494787
1622,2017_1300_1344,0.302387199992
1623,2017_1300_1345,0.118543656461
1624,2017_1300_1348,0.302387199992
1625,2017_1300_1355,0.5
1626,2017_1300_1371,0.236793846183
1627,2017_1300_1374,0.158169451174
1628,2017_1300_1376,0.18172251377
1629,2017_1300_1388,0.18172251377
1630,2017_1300_1407,0.458299297422
1631,2017_1300_1411,0.5
1632,2017_1300_1413,0.5
1633,2017_1300_1417,0.102156910076
1634,2017_1300_1423,0.338773494787
1635,2017_1300_1425,0.302387199992
1636,2017_1300_1433,0.268323116655
1637,2017_1300_1435,0.236793846183
1638,2017_1300_1436,0.377170951569
1639,2017_1300_1437,0.0753084610704
1640,2017_1300_1438,0.137157414602
1641,2017_1300_1439,0.236793846183
1642,2017_1300_1448,0.302387199992
1643,2017_1300_1452,0.118543656461
1644,2017_1300_1455,0.268323116655
1645,2017_1300_1457,0.377170951569
1646,2017_1300_1458,0.207916633331
1647,2017_1300_1462,0.302387199992
1648,2017_1305_1308,0.582825289472
1649,2017_1305_1309,0.661226505213
1650,2017_1305_1314,0.137157414602
1651,2017_1305_1315,0.622829048431
1652,2017_1305_1321,0.338773494787
1653,2017_1305_1323,0.236793846183
1654,2017_1305_1329,0.417174710528
1655,2017_1305_1332,0.18172251377
1656,2017_1305_1343,0.5
1657,2017_1305_1344,0.458299297422
1658,2017_1305_1345,0.207916633331
1659,2017_1305_1348,0.458299297422
1660,2017_1305_1355,0.661226505213
1661,2017_1305_1371,0.377170951569
1662,2017_1305_1374,0.268323116655
1663,2017_1305_1376,0.302387199992
1664,2017_1305_1388,0.302387199992
1665,2017_1305_1407,0.622829048431
1666,2017_1305_1411,0.661226505213
1667,2017_1305_1413,0.661226505213
1668,2017_1305_1417,0.18172251377
1669,2017_1305_1423,0.5
1670,2017_1305_1425,0.458299297422
1671,2017_1305_1433,0.417174710528
1672,2017_1305_1435,0.377170951569
1673,2017_1305_1436,0.541700702578
1674,2017_1305_1437,0.137157414602
1675,2017_1305_1438,0.236793846183
1676,2017_1305_1439,0.377170951569
1677,2017_1305_1448,0.458299297422
1678,2017_1305_1452,0.207916633331
1679,2017_1305_1455,0.417174710528
1680,2017_1305_1457,0.541700702578
1681,2017_1305_1458,0.338773494787
1682,2017_1305_1462,0.458299297422
1683,2017_1308_1309,0.582825289472
1684,2017_1308_1314,0.102156910076
1685,2017_1308_1315,0.541700702578
1686,2017_1308_1321,0.268323116655
1687,2017_1308_1323,0.18172251377
1688,2017_1308_1329,0.338773494787
1689,2017_1308_1332,0.137157414602
1690,2017_1308_1343,0.417174710528
1691,2017_1308_1344,0.377170951569
1692,2017_1308_1345,0.158169451174
1693,2017_1308_1348,0.377170951569
1694,2017_1308_1355,0.582825289472
1695,2017_1308_1371,0.302387199992
1696,2017_1308_1374,0.207916633331
1697,2017_1308_1376,0.236793846183
1698,2017_1308_1388,0.236793846183
1699,2017_1308_1407,0.541700702578
1700,2017_1308_1411,0.582825289472
1701,2017_1308_1413,0.582825289472
1702,2017_1308_1417,0.137157414602
1703,2017_1308_1423,0.417174710528
1704,2017_1308_1425,0.377170951569
1705,2017_1308_1433,0.338773494787
1706,2017_1308_1435,0.302387199992
1707,2017_1308_1436,0.458299297422
1708,2017_1308_1437,0.102156910076
1709,2017_1308_1438,0.18172251377
1710,2017_1308_1439,0.302387199992
1711,2017_1308_1448,0.377170951569
1712,2017_1308_1452,0.158169451174
1713,2017_1308_1455,0.338773494787
1714,2017_1308_1457,0.458299297422
1715,2017_1308_1458,0.268323116655
1716,2017_1308_1462,0.377170951569
1717,2017_1309_1314,0.0753084610704
1718,2017_1309_1315,0.458299297422
1719,2017_1309_1321,0.207916633331
1720,2017_1309_1323,0.137157414602
1721,2017_1309_1329,0.268323116655
1722,2017_1309_1332,0.102156910076
1723,2017_1309_1343,0.338773494787
1724,2017_1309_1344,0.302387199992
1725,2017_1309_1345,0.118543656461
1726,2017_1309_1348,0.302387199992
1727,2017_1309_1355,0.5
1728,2017_1309_1371,0.236793846183
1729,2017_1309_1374,0.158169451174
1730,2017_1309_1376,0.18172251377
1731,2017_1309_1388,0.18172251377
1732,2017_1309_1407,0.458299297422
1733,2017_1309_1411,0.5
1734,2017_1309_1413,0.5
1735,2017_1309_1417,0.102156910076
1736,2017_1309_1423,0.338773494787
1737,2017_1309_1425,0.302387199992
1738,2017_1309_1433,0.268323116655
1739,2017_1309_1435,0.236793846183
1740,2017_1309_1436,0.377170951569
1741,2017_1309_1437,0.0753084610704
1742,2017_1309_1438,0.137157414602
1743,2017_1309_1439,0.236793846183
1744,2017_1309_1448,0.302387199992
1745,2017_1309_1452,0.118543656461
1746,2017_1309_1455,0.268323116655
1747,2017_1309_1457,0.377170951569
1748,2017_1309_1458,0.207916633331
1749,2017_1309_1462,0.302387199992
1750,2017_1314_1315,0.912190290254
1751,2017_1314_1321,0.763206153817
1752,2017_1314_1323,0.661226505213
1753,2017_1314_1329,0.81827748623
1754,2017_1314_1332,0.582825289472
1755,2017_1314_1343,0.862842585398
1756,2017_1314_1344,0.841830548826
1757,2017_1314_1345,0.622829048431
1758,2017_1314_1348,0.841830548826
1759,2017_1314_1355,0.92469153893
1760,2017_1314_1371,0.792083366669
1761,2017_1314_1374,0.697612800008
1762,2017_1314_1376,0.731676883345
1763,2017_1314_1388,0.731676883345
1764,2017_1314_1407,0.912190290254
1765,2017_1314_1411,0.92469153893
1766,2017_1314_1413,0.92469153893
1767,2017_1314_1417,0.582825289472
1768,2017_1314_1423,0.862842585398
1769,2017_1314_1425,0.841830548826
1770,2017_1314_1433,0.81827748623
1771,2017_1314_1435,0.792083366669
1772,2017_1314_1436,0.881456343539
1773,2017_1314_1437,0.5
1774,2017_1314_1438,0.661226505213
1775,2017_1314_1439,0.792083366669
1776,2017_1314_1448,0.841830548826
1777,2017_1314_1452,0.622829048431
1778,2017_1314_1455,0.81827748623
1779,2017_1314_1457,0.881456343539
1780,2017_1314_1458,0.763206153817
1781,2017_1314_1462,0.841830548826
1782,2017_1315_1321,0.236793846183
1783,2017_1315_1323,0.158169451174
1784,2017_1315_1329,0.302387199992
1785,2017_1315_1332,0.118543656461
1786,2017_1315_1343,0.377170951569
1787,2017_1315_1344,0.338773494787
1788,2017_1315_1345,0.137157414602
1789,2017_1315_1348,0.338773494787
1790,2017_1315_1355,0.541700702578
1791,2017_1315_1371,0.268323116655
1792,2017_1315_1374,0.18172251377
1793,2017_1315_1376,0.207916633331
1794,2017_1315_1388,0.207916633331
1795,2017_1315_1407,0.5
1796,2017_1315_1411,0.541700702578
1797,2017_1315_1413,0.541700702578
1798,2017_1315_1417,0.118543656461
1799,2017_1315_1423,0.377170951569
1800,2017_1315_1425,0.338773494787
1801,2017_1315_1433,0.302387199992
1802,2017_1315_1435,0.268323116655
1803,2017_1315_1436,0.417174710528
1804,2017_1315_1437,0.0878097097456
1805,2017_1315_1438,0.158169451174
1806,2017_1315_1439,0.268323116655
1807,2017_1315_1448,0.338773494787
1808,2017_1315_1452,0.137157414602
1809,2017_1315_1455,0.302387199992
1810,2017_1315_1457,0.417174710528
1811,2017_1315_1458,0.236793846183
1812,2017_1315_1462,0.338773494787
1813,2017_1321_1323,0.377170951569
1814,2017_1321_1329,0.582825289472
1815,2017_1321_1332,0.302387199992
1816,2017_1321_1343,0.661226505213
1817,2017_1321_1344,0.622829048431
1818,2017_1321_1345,0.338773494787
1819,2017_1321_1348,0.622829048431
1820,2017_1321_1355,0.792083366669
1821,2017_1321_1371,0.541700702578
1822,2017_1321_1374,0.417174710528
1823,2017_1321_1376,0.458299297422
1824,2017_1321_1388,0.458299297422
1825,2017_1321_1407,0.763206153817
1826,2017_1321_1411,0.792083366669
1827,2017_1321_1413,0.792083366669
1828,2017_1321_1417,0.302387199992
1829,2017_1321_1423,0.661226505213
1830,2017_1321_1425,0.622829048431
1831,2017_1321_1433,0.582825289472
1832,2017_1321_1435,0.541700702578
1833,2017_1321_1436,0.697612800008
1834,2017_1321_1437,0.236793846183
1835,2017_1321_1438,0.377170951569
1836,2017_1321_1439,0.541700702578
1837,2017_1321_1448,0.622829048431
1838,2017_1321_1452,0.338773494787
1839,2017_1321_1455,0.582825289472
1840,2017_1321_1457,0.697612800008
1841,2017_1321_1458,0.5
1842,2017_1321_1462,0.622829048431
1843,2017_1323_1329,0.697612800008
1844,2017_1323_1332,0.417174710528
1845,2017_1323_1343,0.763206153817
1846,2017_1323_1344,0.731676883345
1847,2017_1323_1345,0.458299297422
1848,2017_1323_1348,0.731676883345
1849,2017_1323_1355,0.862842585398
1850,2017_1323_1371,0.661226505213
1851,2017_1323_1374,0.541700702578
1852,2017_1323_1376,0.582825289472
1853,2017_1323_1388,0.582825289472
1854,2017_1323_1407,0.841830548826
1855,2017_1323_1411,0.862842585398
1856,2017_1323_1413,0.862842585398
1857,2017_1323_1417,0.417174710528
1858,2017_1323_1423,0.763206153817
1859,2017_1323_1425,0.731676883345
1860,2017_1323_1433,0.697612800008
1861,2017_1323_1435,0.661226505213
1862,2017_1323_1436,0.792083366669
1863,2017_1323_1437,0.338773494787
1864,2017_1323_1438,0.5
1865,2017_1323_1439,0.661226505213
1866,2017_1323_1448,0.731676883345
1867,2017_1323_1452,0.458299297422
1868,2017_1323_1455,0.697612800008
1869,2017_1323_1457,0.792083366669
1870,2017_1323_1458,0.622829048431
1871,2017_1323_1462,0.731676883345
1872,2017_1329_1332,0.236793846183
1873,2017_1329_1343,0.582825289472
1874,2017_1329_1344,0.541700702578
1875,2017_1329_1345,0.268323116655
1876,2017_1329_1348,0.541700702578
1877,2017_1329_1355,0.731676883345
1878,2017_1329_1371,0.458299297422
1879,2017_1329_1374,0.338773494787
1880,2017_1329_1376,0.377170951569
1881,2017_1329_1388,0.377170951569
1882,2017_1329_1407,0.697612800008
1883,2017_1329_1411,0.731676883345
1884,2017_1329_1413,0.731676883345
1885,2017_1329_1417,0.236793846183
1886,2017_1329_1423,0.582825289472
1887,2017_1329_1425,0.541700702578
1888,2017_1329_1433,0.5
1889,2017_1329_1435,0.458299297422
1890,2017_1329_1436,0.622829048431
1891,2017_1329_1437,0.18172251377
1892,2017_1329_1438,0.302387199992
1893,2017_1329_1439,0.458299297422
1894,2017_1329_1448,0.541700702578
1895,2017_1329_1452,0.268323116655
1896,2017_1329_1455,0.5
1897,2017_1329_1457,0.622829048431
1898,2017_1329_1458,0.417174710528
1899,2017_1329_1462,0.541700702578
1900,2017_1332_1343,0.81827748623
1901,2017_1332_1344,0.792083366669
1902,2017_1332_1345,0.541700702578
1903,2017_1332_1348,0.792083366669
1904,2017_1332_1355,0.897843089924
1905,2017_1332_1371,0.731676883345
1906,2017_1332_1374,0.622829048431
1907,2017_1332_1376,0.661226505213
1908,2017_1332_1388,0.661226505213
1909,2017_1332_1407,0.881456343539
1910,2017_1332_1411,0.897843089924
1911,2017_1332_1413,0.897843089924
1912,2017_1332_1417,0.5
1913,2017_1332_1423,0.81827748623
1914,2017_1332_1425,0.792083366669
1915,2017_1332_1433,0.763206153817
1916,2017_1332_1435,0.731676883345
1917,2017_1332_1436,0.841830548826
1918,2017_1332_1437,0.417174710528
1919,2017_1332_1438,0.582825289472
1920,2017_1332_1439,0.731676883345
1921,2017_1332_1448,0.792083366669
1922,2017_1332_1452,0.541700702578
1923,2017_1332_1455,0.763206153817
1924,2017_1332_1457,0.841830548826
1925,2017_1332_1458,0.697612800008
1926,2017_1332_1462,0.792083366669
1927,2017_1343_1344,0.458299297422
1928,2017_1343_1345,0.207916633331
1929,2017_1343_1348,0.458299297422
1930,2017_1343_1355,0.661226505213
1931,2017_1343_1371,0.377170951569
1932,2017_1343_1374,0.268323116655
1933,2017_1343_1376,0.302387199992
1934,2017_1343_1388,0.302387199992
1935,2017_1343_1407,0.622829048431
1936,2017_1343_1411,0.661226505213
1937,2017_1343_1413,0.661226505213
1938,2017_1343_1417,0.18172251377
1939,2017_1343_1423,0.5
1940,2017_1343_1425,0.458299297422
1941,2017_1343_1433,0.417174710528
1942,2017_1343_1435,0.377170951569
1943,2017_1343_1436,0.541700702578
1944,2017_1343_1437,0.137157414602
1945,2017_1343_1438,0.236793846183
1946,2017_1343_1439,0.377170951569
1947,2017_1343_1448,0.458299297422
1948,2017_1343_1452,0.207916633331
1949,2017_1343_1455,0.417174710528
1950,2017_1343_1457,0.541700702578
1951,2017_1343_1458,0.338773494787
1952,2017_1343_1462,0.458299297422
1953,2017_1344_1345,0.236793846183
1954,2017_1344_1348,0.5
1955,2017_1344_1355,0.697612800008
1956,2017_1344_1371,0.417174710528
1957,2017_1344_1374,0.302387199992
1958,2017_1344_1376,0.338773494787
1959,2017_1344_1388,0.338773494787
1960,2017_1344_1407,0.661226505213
1961,2017_1344_1411,0.697612800008
1962,2017_1344_1413,0.697612800008
1963,2017_1344_1417,0.207916633331
1964,2017_1344_1423,0.541700702578
1965,2017_1344_1425,0.5
1966,2017_1344_1433,0.458299297422
1967,2017_1344_1435,0.417174710528
1968,2017_1344_1436,0.582825289472
1969,2017_1344_1437,0.158169451174
1970,2017_1344_1438,0.268323116655
1971,2017_1344_1439,0.417174710528
1972,2017_1344_1448,0.5
1973,2017_1344_1452,0.236793846183
1974,2017_1344_1455,0.458299297422
1975,2017_1344_1457,0.582825289472
1976,2017_1344_1458,0.377170951569
1977,2017_1344_1462,0.5
1978,2017_1345_1348,0.763206153817
1979,2017_1345_1355,0.881456343539
1980,2017_1345_1371,0.697612800008
1981,2017_1345_1374,0.582825289472
1982,2017_1345_1376,0.622829048431
1983,2017_1345_1388,0.622829048431
1984,2017_1345_1407,0.862842585398
1985,2017_1345_1411,0.881456343539
1986,2017_1345_1413,0.881456343539
1987,2017_1345_1417,0.458299297422
1988,2017_1345_1423,0.792083366669
1989,2017_1345_1425,0.763206153817
1990,2017_1345_1433,0.731676883345
1991,2017_1345_1435,0.697612800008
1992,2017_1345_1436,0.81827748623
1993,2017_1345_1437,0.377170951569
1994,2017_1345_1438,0.541700702578
1995,2017_1345_1439,0.697612800008
1996,2017_1345_1448,0.763206153817
1997,2017_1345_1452,0.5
1998,2017_1345_1455,0.731676883345
1999,2017_1345_1457,0.81827748623
2000,2017_1345_1458,0.661226505213
2001,2017_1345_1462,0.763206153817
2002,2017_1348_1355,0.697612800008
2003,2017_1348_1371,0.417174710528
2004,2017_1348_1374,0.302387199992
2005,2017_1348_1376,0.338773494787
2006,2017_1348_1388,0.338773494787
2007,2017_1348_1407,0.661226505213
2008,2017_1348_1411,0.697612800008
2009,2017_1348_1413,0.697612800008
2010,2017_1348_1417,0.207916633331
2011,2017_1348_1423,0.541700702578
2012,2017_1348_1425,0.5
2013,2017_1348_1433,0.458299297422
2014,2017_1348_1435,0.417174710528
2015,2017_1348_1436,0.582825289472
2016,2017_1348_1437,0.158169451174
2017,2017_1348_1438,0.268323116655
2018,2017_1348_1439,0.417174710528
2019,2017_1348_1448,0.5
2020,2017_1348_1452,0.236793846183
2021,2017_1348_1455,0.458299297422
2022,2017_1348_1457,0.582825289472
2023,2017_1348_1458,0.377170951569
2024,2017_1348_1462,0.5
2025,2017_1355_1371,0.236793846183
2026,2017_1355_1374,0.158169451174
2027,2017_1355_1376,0.18172251377
2028,2017_1355_1388,0.18172251377
2029,2017_1355_1407,0.458299297422
2030,2017_1355_1411,0.5
2031,2017_1355_1413,0.5
2032,2017_1355_1417,0.102156910076
2033,2017_1355_1423,0.338773494787
2034,2017_1355_1425,0.302387199992
2035,2017_1355_1433,0.268323116655
2036,2017_1355_1435,0.236793846183
2037,2017_1355_1436,0.377170951569
2038,2017_1355_1437,0.0753084610704
2039,2017_1355_1438,0.137157414602
2040,2017_1355_1439,0.236793846183
2041,2017_1355_1448,0.302387199992
2042,2017_1355_1452,0.118543656461
2043,2017_1355_1455,0.268323116655
2044,2017_1355_1457,0.377170951569
2045,2017_1355_1458,0.207916633331
2046,2017_1355_1462,0.302387199992
2047,2017_1371_1374,0.377170951569
2048,2017_1371_1376,0.417174710528
2049,2017_1371_1388,0.417174710528
2050,2017_1371_1407,0.731676883345
2051,2017_1371_1411,0.763206153817
2052,2017_1371_1413,0.763206153817
2053,2017_1371_1417,0.268323116655
2054,2017_1371_1423,0.622829048431
2055,2017_1371_1425,0.582825289472
2056,2017_1371_1433,0.541700702578
2057,2017_1371_1435,0.5
2058,2017_1371_1436,0.661226505213
2059,2017_1371_1437,0.207916633331
2060,2017_1371_1438,0.338773494787
2061,2017_1371_1439,0.5
2062,2017_1371_1448,0.582825289472
2063,2017_1371_1452,0.302387199992
2064,2017_1371_1455,0.541700702578
2065,2017_1371_1457,0.661226505213
2066,2017_1371_1458,0.458299297422
2067,2017_1371_1462,0.582825289472
2068,2017_1374_1376,0.541700702578
2069,2017_1374_1388,0.541700702578
2070,2017_1374_1407,0.81827748623
2071,2017_1374_1411,0.841830548826
2072,2017_1374_1413,0.841830548826
2073,2017_1374_1417,0.377170951569
2074,2017_1374_1423,0.731676883345
2075,2017_1374_1425,0.697612800008
2076,2017_1374_1433,0.661226505213
2077,2017_1374_1435,0.622829048431
2078,2017_1374_1436,0.763206153817
2079,2017_1374_1437,0.302387199992
2080,2017_1374_1438,0.458299297422
2081,2017_1374_1439,0.622829048431
2082,2017_1374_1448,0.697612800008
2083,2017_1374_1452,0.417174710528
2084,2017_1374_1455,0.661226505213
2085,2017_1374_1457,0.763206153817
2086,2017_1374_1458,0.582825289472
2087,2017_1374_1462,0.697612800008
2088,2017_1376_1388,0.5
2089,2017_1376_1407,0.792083366669
2090,2017_1376_1411,0.81827748623
2091,2017_1376_1413,0.81827748623
2092,2017_1376_1417,0.338773494787
2093,2017_1376_1423,0.697612800008
2094,2017_1376_1425,0.661226505213
2095,2017_1376_1433,0.622829048431
2096,2017_1376_1435,0.582825289472
2097,2017_1376_1436,0.731676883345
2098,2017_1376_1437,0.268323116655
2099,2017_1376_1438,0.417174710528
2100,2017_1376_1439,0.582825289472
2101,2017_1376_1448,0.661226505213
2102,2017_1376_1452,0.377170951569
2103,2017_1376_1455,0.622829048431
2104,2017_1376_1457,0.731676883345
2105,2017_1376_1458,0.541700702578
2106,2017_1376_1462,0.661226505213
2107,2017_1388_1407,0.792083366669
2108,2017_1388_1411,0.81827748623
2109,2017_1388_1413,0.81827748623
2110,2017_1388_1417,0.338773494787
2111,2017_1388_1423,0.697612800008
2112,2017_1388_1425,0.661226505213
2113,2017_1388_1433,0.622829048431
2114,2017_1388_1435,0.582825289472
2115,2017_1388_1436,0.731676883345
2116,2017_1388_1437,0.268323116655
2117,2017_1388_1438,0.417174710528
2118,2017_1388_1439,0.582825289472
2119,2017_1388_1448,0.661226505213
2120,2017_1388_1452,0.377170951569
2121,2017_1388_1455,0.622829048431
2122,2017_1388_1457,0.731676883345
2123,2017_1388_1458,0.541700702578
2124,2017_1388_1462,0.661226505213
2125,2017_1407_1411,0.541700702578
2126,2017_1407_1413,0.541700702578
2127,2017_1407_1417,0.118543656461
2128,2017_1407_1423,0.377170951569
2129,2017_1407_1425,0.338773494787
2130,2017_1407_1433,0.302387199992
2131,2017_1407_1435,0.268323116655
2132,2017_1407_1436,0.417174710528
2133,2017_1407_1437,0.0878097097456
2134,2017_1407_1438,0.158169451174
2135,2017_1407_1439,0.268323116655
2136,2017_1407_1448,0.338773494787
2137,2017_1407_1452,0.137157414602
2138,2017_1407_1455,0.302387199992
2139,2017_1407_1457,0.417174710528
2140,2017_1407_1458,0.236793846183
2141,2017_1407_1462,0.338773494787
2142,2017_1411_1413,0.5
2143,2017_1411_1417,0.102156910076
2144,2017_1411_1423,0.338773494787
2145,2017_1411_1425,0.302387199992
2146,2017_1411_1433,0.268323116655
2147,2017_1411_1435,0.236793846183
2148,2017_1411_1436,0.377170951569
2149,2017_1411_1437,0.0753084610704
2150,2017_1411_1438,0.137157414602
2151,2017_1411_1439,0.236793846183
2152,2017_1411_1448,0.302387199992
2153,2017_1411_1452,0.118543656461
2154,2017_1411_1455,0.268323116655
2155,2017_1411_1457,0.377170951569
2156,2017_1411_1458,0.207916633331
2157,2017_1411_1462,0.302387199992
2158,2017_1413_1417,0.102156910076
2159,2017_1413_1423,0.338773494787
2160,2017_1413_1425,0.302387199992
2161,2017_1413_1433,0.268323116655
2162,2017_1413_1435,0.236793846183
2163,2017_1413_1436,0.377170951569
2164,2017_1413_1437,0.0753084610704
2165,2017_1413_1438,0.137157414602
2166,2017_1413_1439,0.236793846183
2167,2017_1413_1448,0.302387199992
2168,2017_1413_1452,0.118543656461
2169,2017_1413_1455,0.268323116655
2170,2017_1413_1457,0.377170951569
2171,2017_1413_1458,0.207916633331
2172,2017_1413_1462,0.302387199992
2173,2017_1417_1423,0.81827748623
2174,2017_1417_1425,0.792083366669
2175,2017_1417_1433,0.763206153817
2176,2017_1417_1435,0.731676883345
2177,2017_1417_1436,0.841830548826
2178,2017_1417_1437,0.417174710528
2179,2017_1417_1438,0.582825289472
2180,2017_1417_1439,0.731676883345
2181,2017_1417_1448,0.792083366669
2182,2017_1417_1452,0.541700702578
2183,2017_1417_1455,0.763206153817
2184,2017_1417_1457,0.841830548826
2185,2017_1417_1458,0.697612800008
2186,2017_1417_1462,0.792083366669
2187,2017_1423_1425,0.458299297422
2188,2017_1423_1433,0.417174710528
2189,2017_1423_1435,0.377170951569
2190,2017_1423_1436,0.541700702578
2191,2017_1423_1437,0.137157414602
2192,2017_1423_1438,0.236793846183
2193,2017_1423_1439,0.377170951569
2194,2017_1423_1448,0.458299297422
2195,2017_1423_1452,0.207916633331
2196,2017_1423_1455,0.417174710528
2197,2017_1423_1457,0.541700702578
2198,2017_1423_1458,0.338773494787
2199,2017_1423_1462,0.458299297422
2200,2017_1425_1433,0.458299297422
2201,2017_1425_1435,0.417174710528
2202,2017_1425_1436,0.582825289472
2203,2017_1425_1437,0.158169451174
2204,2017_1425_1438,0.268323116655
2205,2017_1425_1439,0.417174710528
2206,2017_1425_1448,0.5
2207,2017_1425_1452,0.236793846183
2208,2017_1425_1455,0.458299297422
2209,2017_1425_1457,0.582825289472
2210,2017_1425_1458,0.377170951569
2211,2017_1425_1462,0.5
2212,2017_1433_1435,0.458299297422
2213,2017_1433_1436,0.622829048431
2214,2017_1433_1437,0.18172251377
2215,2017_1433_1438,0.302387199992
2216,2017_1433_1439,0.458299297422
2217,2017_1433_1448,0.541700702578
2218,2017_1433_1452,0.268323116655
2219,2017_1433_1455,0.5
2220,2017_1433_1457,0.622829048431
2221,2017_1433_1458,0.417174710528
2222,2017_1433_1462,0.541700702578
2223,2017_1435_1436,0.661226505213
2224,2017_1435_1437,0.207916633331
2225,2017_1435_1438,0.338773494787
2226,2017_1435_1439,0.5
2227,2017_1435_1448,0.582825289472
2228,2017_1435_1452,0.302387199992
2229,2017_1435_1455,0.541700702578
2230,2017_1435_1457,0.661226505213
2231,2017_1435_1458,0.458299297422
2232,2017_1435_1462,0.582825289472
2233,2017_1436_1437,0.118543656461
2234,2017_1436_1438,0.207916633331
2235,2017_1436_1439,0.338773494787
2236,2017_1436_1448,0.417174710528
2237,2017_1436_1452,0.18172251377
2238,2017_1436_1455,0.377170951569
2239,2017_1436_1457,0.5
2240,2017_1436_1458,0.302387199992
2241,2017_1436_1462,0.417174710528
2242,2017_1437_1438,0.661226505213
2243,2017_1437_1439,0.792083366669
2244,2017_1437_1448,0.841830548826
2245,2017_1437_1452,0.622829048431
2246,2017_1437_1455,0.81827748623
2247,2017_1437_1457,0.881456343539
2248,2017_1437_1458,0.763206153817
2249,2017_1437_1462,0.841830548826
2250,2017_1438_1439,0.661226505213
2251,2017_1438_1448,0.731676883345
2252,2017_1438_1452,0.458299297422
2253,2017_1438_1455,0.697612800008
2254,2017_1438_1457,0.792083366669
2255,2017_1438_1458,0.622829048431
2256,2017_1438_1462,0.731676883345
2257,2017_1439_1448,0.582825289472
2258,2017_1439_1452,0.302387199992
2259,2017_1439_1455,0.541700702578
2260,2017_1439_1457,0.661226505213
2261,2017_1439_1458,0.458299297422
2262,2017_1439_1462,0.582825289472
2263,2017_1448_1452,0.236793846183
2264,2017_1448_1455,0.458299297422
2265,2017_1448_1457,0.582825289472
2266,2017_1448_1458,0.377170951569
2267,2017_1448_1462,0.5
2268,2017_1452_1455,0.731676883345
2269,2017_1452_1457,0.81827748623
2270,2017_1452_1458,0.661226505213
2271,2017_1452_1462,0.763206153817
2272,2017_1455_1457,0.622829048431
2273,2017_1455_1458,0.417174710528
2274,2017_1455_1462,0.541700702578
2275,2017_1457_1458,0.302387199992
2276,2017_1457_1462,0.417174710528
2277,2017_1458_1462,0.622829048431
